,NOM_COM,INSEE_COM,x,y
0,Saint-Privat,34286,734854.568334198,6294763.91660314
1,Saint-Gilles,30258,813555.212278358,6285314.2920764
2,Arboras,34011,738285.770012005,6291400.88239141
3,Montpeyroux,34173,740518.485091327,6290390.26853118
4,Saint-Saturnin-de-Lucian,34287,737585.614804815,6289386.21664719
5,Albi,81004,631532.976210924,6314463.18351762
6,Le Sequestre,81284,628271.643227628,6312799.96666794
7,Carlus,81059,628072.51534471,6310313.60779897
8,Laudun-l'Ardoise,30141,833184.347954088,6335164.28457142
9,Chusclan,30081,835011.025475993,6340907.328138
10,Orsan,30191,833169.736806645,6338720.79038285
11,Saint-Étienne-des-Sorts,30251,835952.521286172,6343687.91797937
12,Fozières,34106,728713.30791999,6294739.78037011
13,Soumont,34306,728211.737934977,6291945.7124107
14,Bréau-Mars,30052,744512.086212164,6325426.93062037
15,Val-d'Aigoual,30339,750945.598574509,6331734.88052801
16,Entre-Vignes,34246,786981.029467366,6291669.80275991
17,Campagnan,34047,739871.445522805,6271386.02333096
18,Saint-Salvi-de-Carcavès,81268,667391.265592725,6299910.23901259
19,Puilacher,34222,740838.808855659,6274320.17336294
20,Castillon-du-Gard,30073,824831.922145052,6321150.36474782
21,Saint-Hilaire-d'Ozilhan,30260,828368.832642639,6320592.75603785
22,Saint-Pargoire,34281,743954.92079138,6270420.38916288
23,Plaissan,34204,742825.448316857,6273453.99693992
24,Lieuran-Cabrières,34138,733041.856326443,6277083.07513007
25,Cabrières,34045,728143.876817174,6275548.48105577
26,Fontès,34103,731540.095637125,6271528.74918372
27,Bel-Air-Val-d'Ance,48038,749742.756741907,6416194.65258676
28,Lachamp-Ribennes,48126,729993.652093778,6392254.62206418
29,Monts-de-Randon,48127,738763.970079411,6394459.20249761
30,Castries,34058,779007.67515552,6288230.52125373
31,Prades-d'Aubrac,12187,697582.791902928,6382463.8043122
32,Saint-Chély-d'Aubrac,12214,695734.569972857,6388088.38479638
33,Beaucaire,30032,828320.242572659,6299151.55146829
34,Beauvoisin,30033,806631.544302711,6289442.10466336
35,Cabrières,30057,817825.864057164,6313208.25596133
36,Sainte-Anastasie,30228,807775.011499628,6315619.7778631
37,Aigaliers,30001,805028.192851078,6330908.68749275
38,Aubais,30019,792309.550036449,6295170.79002072
39,Saint-Brès,30237,795649.8650441,6354467.80868518
40,Aubord,30020,806115.910239175,6295610.74856479
41,Bellegarde,30034,820492.482969832,6295876.39244252
42,La Bruguière,30056,812201.676337773,6334840.60961947
43,Sainte-Cécile-d'Andorge,30239,778569.313006693,6351805.89440578
44,Campestre-et-Luc,30064,732111.568849763,6315547.10193881
45,Fontarèches,30115,814546.723093186,6336303.43752222
46,Poulx,30206,814310.112712416,6313879.46320313
47,Saint-Laurent-la-Vernède,30279,816979.786304005,6335788.27729767
48,Vissec,30353,736382.828575096,6310949.23223943
49,Saint-Victor-de-Malcap,30303,798244.265264513,6351282.45982832
50,Sanilhac-Sagriès,30308,813951.272970724,6318355.20157513
51,Serviers-et-Labaume,30319,807746.995454596,6327496.2284642
52,Magalas,34147,717581.930445526,6264699.07533473
53,Montagnac,34162,741287.395488442,6264083.64512863
54,Cazouls-d'Hérault,34068,736939.480026888,6267092.25289736
55,Fabrègues,34095,762435.221696583,6270867.20266132
56,Autignac,34018,713545.312223115,6266786.35378342
57,Jonquières,34122,738614.292162908,6286223.57076402
58,Pézènes-les-Mines,34200,719790.564118446,6277795.97695289
59,Lagamas,34125,742972.564991834,6286326.44982757
60,Mourèze,34175,728279.630371929,6279698.14830524
61,Nizas,34184,733858.996378599,6268380.94668629
62,Thézan-lès-Béziers,34310,712756.021444963,6257151.76221506
63,Pailhès,34191,714989.208521704,6259799.98261689
64,Usclas-d'Hérault,34315,737852.597298085,6269307.74074586
65,Puimisson,34223,716861.386293248,6259882.88592888
66,Roujan,34237,725037.629692958,6267981.99130158
67,Saint-André-de-Sangonis,34239,740632.809618449,6283614.37858169
68,Saint-Guiraud,34262,736363.001002823,6286735.05488986
69,Saint-Jean-de-Védas,34270,767260.213267947,6275127.79886307
70,Saint-Pons-de-Mauchiens,34285,741541.450287744,6267932.99437246
71,Vailhan,34319,724230.477106679,6272891.82755539
72,Valmascle,34323,724247.211377322,6277938.66235136
73,Vendargues,34327,777667.341991908,6285101.4065663
74,Saint-Julien-des-Points,48163,776725.789967661,6351655.40103548
75,Aniane,34010,747763.947735377,6287327.63131175
76,Saint-Gervais-sur-Mare,34260,703994.97451537,6285309.56689468
77,Saint-Jean-de-Fos,34267,744062.048850993,6288491.3472392
78,Graissessac,34117,706886.906970157,6287457.24756026
79,Le Pouget,34210,741755.740814063,6277228.16134317
80,Vendémian,34328,745487.336872051,6275699.8177128
81,Le Cros,34091,729181.088329043,6309140.50060818
82,Saint-Maurice-Navacelles,34277,740691.278441534,6305211.65272881
83,Saint-Michel,34278,732689.358469129,6304722.62309493
84,La Vacquerie-et-Saint-Martin-de-Castries,34317,738709.903375937,6299550.65502798
85,Pourcharesses,48117,771487.657846733,6370944.15403466
86,Salasc,34292,725234.875385347,6280387.51700133
87,Mérifons,34156,722618.341696313,6281857.20018096
88,Dio-et-Valquières,34093,717870.083560981,6285559.01802339
89,Octon,34186,723862.292667026,6284313.15525275
90,Brenas,34040,720473.545770495,6282440.56336645
91,Terre-de-Bancalié,81233,641771.356339911,6300599.6675566
92,Bélarga,34029,740364.705370262,6272891.14082331
93,Cournonterral,34088,757146.280507359,6274700.82388727
94,Olargues,34187,693320.69166424,6271318.37038462
95,Saint-Vincent-d'Olargues,34291,689732.245534161,6273464.91224206
96,Le Verdier,81313,606828.735608181,6322356.11692613
97,Roqueredonde,34233,716737.008188371,6299687.82967082
98,Fondamente,12155,709229.137833295,6306987.27969156
99,Ceilhes-et-Rocozels,34071,707374.409083554,6301191.61883825
100,Saint-Paul-et-Valmalle,34282,754825.78697938,6279755.32536265
101,Castelnau-de-Montmiral,81064,602363.755740485,6321644.33402891
102,Pierrerue,34201,697020.441784651,6260255.1308906
103,Liouc,30148,779042.166967851,6310617.16330509
104,Massanes,30161,789076.654392072,6325493.41002238
105,Mur-de-Barrez,12164,674799.589075232,6419658.41987895
106,Saint-Hippolyte-de-Montaigu,30262,819795.723897706,6327127.32606425
107,Thérondels,12280,679619.058075995,6421803.26754867
108,Taussac,12277,671246.134266733,6414039.34481598
109,Montézic,12151,671592.771392405,6402030.34870971
110,Brommat,12036,676680.067173488,6414461.68774537
111,Cantoin,12051,686160.171955447,6415576.85698517
112,Saint-Hippolyte,12226,667075.091061755,6403097.83561306
113,Rousses,48130,745844.467631328,6343993.2544418
114,Sauve,30311,776675.845610526,6315837.80081042
115,Les Plantiers,30198,757065.017338035,6334582.56334653
116,Rouet,34236,765687.874433275,6303337.30329054
117,Saint-Laurent-d'Olt,12237,708044.277702324,6372135.27182022
118,Saint-Étienne-Vallée-Française,48148,768493.576922012,6341746.55570556
119,Durfort-et-Saint-Martin-de-Sossenac,30106,776510.3387818,6321193.41998333
120,Mas-Saint-Chély,48141,733108.176945045,6356817.46086095
121,Alzon,30009,735874.475725699,6319534.39048353
122,Conques-en-Rouergue,12076,651570.408664323,6387448.77015508
123,Saint-Denis-en-Margeride,48145,737482.571358152,6404792.83300104
124,Saussenac,81277,640221.742263421,6321916.64053199
125,Marnaves,81154,609709.701505038,6333633.25591154
126,Connaux,30092,828056.990353687,6332202.08780791
127,Puechredon,30208,784767.282975258,6316649.32139962
128,Chadenet,48037,750919.92915632,6379426.34023479
129,Aubussargues,30021,806380.215024629,6324354.62566267
130,Aujac,30022,781156.056525894,6362294.00908639
131,Saint-Jean-de-Buèges,34264,748653.426732919,6304105.08801866
132,Bédouès-Cocurès,48050,750953.471019958,6361264.0286584
133,Cassagnoles,30071,790339.619377975,6325158.79524289
134,Aiguèze,30005,820996.746469682,6358665.23894264
135,Saint-Julien-les-Rosiers,30274,787950.451633826,6344082.63397237
136,Mialet,30168,775076.221840988,6336694.78125186
137,Génolhac,30130,775874.857201361,6361036.53171171
138,Cornillon,30096,819396.806017814,6347792.50025074
139,Saint-Bonnet-du-Gard,30235,823574.273973375,6315464.91411073
140,Saint-Étienne-de-Gourgas,34251,730986.333007855,6298429.77218073
141,Saint-Quentin-la-Poterie,30295,815251.299893544,6329738.22239661
142,Sévérac d'Aveyron,12270,703353.068229655,6357711.07216562
143,Portes,30203,782947.84716176,6352176.05187148
144,Chamborigaud,30080,776786.024409082,6356138.85437238
145,Allègre-les-Fumades,30008,800196.80257819,6345062.11846723
146,Saint-Victor-des-Oules,30301,818969.088189902,6328228.08552459
147,Gabrias,48068,730122.80792379,6383899.11431556
148,Le Rozier,48131,717498.950969011,6344118.26460547
149,Mas-de-Londres,34152,762305.650597553,6299056.39759554
150,Sabran,30225,824107.997659629,6340258.73030052
151,Tauriac-de-Camarès,12275,702488.956028313,6297464.92221112
152,Fourques,30117,824848.594260414,6291505.35565102
153,Garons,30125,815825.999622276,6298011.77071957
154,Laval-Saint-Roman,30143,820039.560900643,6356865.7822864
155,Saint-André-d'Olérargues,30232,819690.287351581,6341877.23482406
156,Saint-Alexandre,30226,830344.845232905,6348569.83369688
157,Saint-Paulet-de-Caisson,30290,826674.422425187,6352596.03997123
158,Saint-Laurent-de-Carnols,30277,822366.647788197,6348595.81989526
159,Saint-Christol-de-Rodières,30242,820859.258422231,6353076.43961289
160,Montclus,30175,813206.095879613,6353255.60105325
161,Saint-André-de-Roquepertuis,30230,815601.764174286,6350126.61649555
162,Saint-Julien-de-Peyrolas,30273,825127.870763948,6355035.1693121
163,Lussan,30151,809995.979430068,6341806.55237778
164,Saint-Michel-d'Euzet,30287,823966.449917055,6346383.8540173
165,Tresques,30331,827503.382177143,6336658.11146769
166,Vénéjan,30342,833345.923641646,6345812.45117675
167,Bernis,30036,803348.072159846,6297752.48283825
168,Codolet,30084,836134.997310645,6337921.44103784
169,Verfeuil,30343,815830.014883972,6341816.01989392
170,La Roque-sur-Cèze,30222,821406.720490186,6344680.2456112
171,Cavillargues,30076,821483.192910287,6336540.6201573
172,Uchaud,30333,801869.692150077,6296353.23133395
173,Salazac,30304,822691.122443732,6352095.88020025
174,Le Cailar,30059,800275.409322555,6285152.28972051
175,Carsan,30070,826631.179752259,6349179.26716838
176,Pont-Saint-Esprit,30202,830888.731807688,6351748.23929286
177,Vestric-et-Candiac,30347,801873.921362715,6293803.52771324
178,Le Garn,30124,816882.505050029,6358165.39849597
179,Saint-Gervais,30256,826227.782798805,6345284.0537428
180,Générac,30128,809531.567247227,6292585.43077539
181,Saint-Marcel-de-Careiret,30282,818768.622940246,6339253.07110423
182,Saint-Laurent-d'Aigouze,30276,800421.797305567,6275435.56329012
183,Vauvert,30341,805425.287598387,6281599.0627631
184,Saint-Pierre-de-Nogaret,48175,710076.101762618,6376515.92036174
185,Jacou,34120,773568.930990815,6285328.1223206
186,Tharaux,30327,805645.89558326,6350101.09786964
187,Fons-sur-Lussan,30113,806170.464992225,6343817.50902193
188,Saint-Nazaire,30288,829706.723247104,6345915.75364881
189,Saint-Privat-de-Champclos,30293,808184.004527317,6353970.53181069
190,Rivières,30215,802907.203987749,6346986.05530147
191,Bouquet,30048,803373.130502104,6340268.75586595
192,Pougnadoresse,30205,820837.414248182,6333662.74206944
193,Gabriac,48067,756860.110027304,6342408.88146684
194,Bessan,34031,733743.85053325,6250972.57133105
195,Montbazin,34165,754378.196594662,6270625.93272819
196,Montpellier,34172,770192.263768254,6279753.15352104
197,Aigues-Mortes,30003,795726.481831221,6273102.87709686
198,Montfaucon,30178,839687.017692797,6332641.51159529
199,Bez-et-Esparon,30038,742846.929351558,6320123.10002568
200,Pujaut,30209,841527.587145419,6323866.4200352
201,Saint-Geniès-de-Comolas,30254,838669.014067666,6331154.01002162
202,Roquemaure,30221,840785.581521716,6328534.82798508
203,La Capelle-et-Masmolène,30067,822729.27514221,6328773.60080121
204,Les Angles,30011,840663.407672914,6317969.63625964
205,Villeneuve-lès-Avignon,30351,843969.627450714,6321394.77829178
206,Baron,30030,802133.378226654,6329318.51359539
207,Foissac,30111,804136.108643083,6327168.04464583
208,Seynes,30320,803589.077506874,6335658.92532745
209,Bourdic,30049,807080.048356771,6320760.66854888
210,Dions,30102,803779.899386955,6314948.13424526
211,Saint-Chaptes,30241,802331.295872111,6319532.9359435
212,Vallérargues,30338,808564.092031678,6337371.71554921
213,Brouzet-lès-Alès,30055,800141.865294291,6337894.17068883
214,La Calmette,30061,801470.432309235,6314880.22052815
215,Blauzac,30041,810337.517883656,6319588.18178762
216,Garrigues-Sainte-Eulalie,30126,804716.18061521,6321936.12716699
217,Arpaillargues-et-Aureillac,30014,809463.113033529,6323237.99350942
218,Saint-Dézéry,30248,801479.567549115,6322629.232213
219,Collorgues,30086,803195.43303571,6324974.54191442
220,Le Bosc,34036,731223.718336324,6288625.90449403
221,Belvézet,30035,808571.171394852,6333354.18926712
222,Aramon,30012,835221.641237225,6313146.71654794
223,Comps,30089,828100.709499778,6306781.82940385
224,Montblanc,34166,729054.262628505,6252479.45555131
225,Gaujac,30127,825866.800384717,6332010.27304124
226,Saint-Siffret,30299,817744.866736794,6325143.62576894
227,Uzès,30334,813559.751292013,6324819.9161918
228,Bezouce,30039,820609.837235607,6309550.39556215
229,Pouzilhac,30207,826715.027368244,6327939.78558772
230,Saint-Pons-la-Calm,30292,824447.216336904,6334588.86088663
231,Vallabrègues,30336,831377.219986767,6307823.38325736
232,Saint-Maximin,30286,816793.183556743,6322091.66881788
233,Manduel,30155,819787.794199616,6301831.83444357
234,Saint-Victor-la-Coste,30302,831546.592658419,6329834.44323519
235,Jonquières-Saint-Vincent,30135,825305.670778427,6304474.2639367
236,Bouillargues,30047,815459.239150233,6301358.05991163
237,Estézargues,30107,831337.223467735,6318628.31980521
238,Marguerittes,30156,816521.265700504,6307991.31765171
239,Meynes,30166,824922.64622373,6309905.82437954
240,Flaux,30110,821137.837252081,6324942.26812187
241,Vallabrix,30337,818827.861558459,6330730.19765347
242,Collias,30085,818159.916587211,6317792.89481027
243,Théziers,30328,830713.774026686,6313005.8950644
244,Saint-Gervasy,30257,818127.718688502,6309465.36220937
245,Redessan,30211,821679.413307404,6305101.41896309
246,Domazan,30103,832987.600777365,6316797.09127891
247,Lédenon,30145,821752.712824198,6313341.4357343
248,Valliguières,30340,827488.57056688,6324547.4330985
249,Lirac,30149,834859.842720777,6327183.21171781
250,Montfrin,30179,827958.245404447,6309752.94936621
251,Le Pin,30196,822947.539744458,6333451.21473153
252,Argilliers,30013,819616.413815529,6321404.11279694
253,Saze,30315,836306.452496401,6317668.5685274
254,Saint-Paul-les-Fonts,30355,829488.668365345,6332119.11042573
255,Tavel,30326,835740.006876239,6324824.05212597
256,Nîmes,30189,808375.882236512,6305994.31625786
257,Caissargues,30060,812313.43677318,6300244.87097329
258,Faugères,34096,714828.038848018,6274477.31416432
259,Montagnol,12147,701955.192813581,6303597.9024886
260,Chaulhac,48046,720928.1829455,6424572.36271849
261,Fressac,30119,773831.905500267,6322328.6349155
262,Cheylard-l'Évêque,48048,764196.708018389,6392828.59535968
263,Milhaud,30169,805368.580743285,6299806.16478928
264,Les Monts-Verts,48012,717550.615730608,6416686.47054021
265,Blavignac,48026,722415.417099034,6419064.30343499
266,Saint-Chély-d'Apcher,48140,721770.732041374,6412649.13835964
267,Albaret-le-Comtal,48001,711373.243886386,6418686.79006761
268,Les Bessons,48025,719257.303106694,6408262.39451584
269,Bagnols-sur-Cèze,30028,829925.653551037,6341760.03116623
270,Saint-Pierre-le-Vieux,48177,724187.293091439,6416299.53273431
271,Fournels,48064,710212.56088978,6412459.85078065
272,Tornac,30330,778967.243426673,6324911.4578561
273,Fontans,48063,729817.413830004,6405142.81131333
274,Saint-Laurent-de-Veyrès,48167,709755.550352055,6407503.23413319
275,Grandvals,48071,704162.036010272,6403621.96144489
276,Saint-Mathieu-de-Tréviers,34276,770069.334168679,6297126.33927634
277,Arzenc-d'Apcher,48007,708823.344138117,6416166.65049377
278,Albaret-Sainte-Marie,48002,719848.730400056,6420821.29952194
279,Saint-Léger-du-Malzieu,48169,724959.289617028,6422207.61155152
280,Rimeize,48128,725081.648252877,6407310.59363354
281,Concoules,30090,775330.807643134,6364337.59040561
282,Brion,48031,706237.649389221,6405668.66186349
283,Chauchailles,48044,705855.213090343,6410418.89053212
284,Prinsuéjols-Malbouzon,48087,712599.008058507,6397666.57646921
285,Saint-Juéry,48161,706505.284188892,6414582.75671394
286,Prunières,48121,726421.235689743,6413210.73099796
287,Termes,48190,713396.001619825,6414125.16985155
288,La Fage-Saint-Julien,48059,716501.557409907,6411136.05648626
289,Noalhac,48106,708989.303233256,6411218.25226956
290,Recoules-d'Aubrac,48123,702959.845998649,6399306.98584747
291,La Fage-Montivernoux,48058,711971.058404477,6405336.82491376
292,Saint-Alban-sur-Limagnole,48132,731891.97398511,6410872.00766475
293,Le Malzieu-Ville,48090,726628.54736126,6418244.57650516
294,Lajo,48079,734757.817070518,6414500.94212294
295,La Panouse,48108,746553.942262716,6404405.9415809
296,Les Laubies,48083,734999.037612312,6400436.89768276
297,Grandrieu,48070,750697.178257098,6408902.78781774
298,Naussac-Fontanes,48105,762674.77916656,6407909.58440812
299,Rocles,48129,762264.158915491,6400768.55303033
300,Langogne,48080,766024.328903511,6403104.68105478
301,Saint-Paul-le-Froid,48174,742796.090249797,6410832.94019236
302,Saint-Jean-la-Fouillouse,48160,754690.697452356,6401430.64883
303,Auroux,48010,757523.516788329,6406789.57757238
304,Sainte-Eulalie,48149,738341.511891078,6409634.21516026
305,Saint Bonnet-Laval,48139,756544.861817855,6412847.30968975
306,Chastanier,48041,759640.618318994,6402932.80071367
307,Huparlac,12116,680485.759715787,6401359.45068002
308,Paulhac-en-Margeride,48110,730422.019089194,6427225.07742714
309,Julianges,48077,725228.343257285,6426434.48821579
310,Pelouse,48111,748124.960569556,6386076.3186928
311,Joncels,34121,714766.012827654,6296329.71141049
312,Sainte-Croix-Vallée-Française,48144,759301.774109463,6343347.19060598
313,Saint-Ambroix,30227,795376.042684339,6351151.07948185
314,Compeyre,12070,708202.202352953,6341844.39222274
315,Goudargues,30131,815010.580442554,6346574.23887907
316,Le Born,48029,744335.604760435,6387769.14137253
317,Saint-Germain-du-Teil,48156,713696.819178602,6375851.12655719
318,Pignan,34202,760562.522348819,6276565.76683503
319,Servian,34300,724870.322369397,6257279.10766485
320,Barjac,30029,807579.151448919,6357958.55606883
321,Orthoux-Sérignac-Quilhan,30192,783847.931631048,6310353.21814838
322,Saint-Félix-de-l'Héras,34253,725274.428740801,6304509.76663975
323,Langlade,30138,801058.5552812,6301412.4863179
324,Grabels,34116,764069.347258795,6283818.86364625
325,Corconne,30095,775585.461804901,6308607.05583706
326,Lasalle,30140,768259.255636402,6327509.3747337
327,Causses-et-Veyran,34061,707392.65481089,6263229.14045404
328,Grazac,81106,591409.460070234,6306544.39010221
329,Méjannes-le-Clap,30164,808956.094691765,6348922.69019293
330,Le Pompidou,48115,752670.170330369,6345208.7631913
331,Sumène,30325,758739.860495039,6321337.11430452
332,Cassuéjouls,12058,685101.224936455,6402655.76806662
333,Quissac,30210,780087.038215879,6313764.68628884
334,Villeneuve-lès-Béziers,34336,723524.840443831,6246492.73026057
335,Estaing,12098,675141.697056565,6385643.10401913
336,Saint-Laurent-des-Arbres,30278,835572.386402072,6329939.90523538
337,Saint-Martin-de-Valgalgues,30284,785994.645542868,6341319.09958706
338,Laval-du-Tarn,48085,727503.477495624,6363926.50225559
339,Combas,30088,790101.165481168,6307266.88971126
340,Bassurels,48020,748432.843531588,6340099.05089978
341,Brissac,34042,756713.332024843,6307879.47563971
342,Vias,34332,732399.925419799,6246070.52674077
343,Arphy,30015,747029.353214039,6327125.7016379
344,Tressan,34313,739322.477476385,6274985.90406581
345,La Cadière-et-Cambo,30058,764739.485292109,6318520.95039371
346,Murols,12166,666527.474519657,6406951.30262123
347,Saint-Hippolyte-du-Fort,30263,768449.098582607,6317537.85753702
348,Soustelle,30323,779966.570088842,6341988.76064548
349,Sauclières,12260,730150.317429913,6320176.30146625
350,Pomayrols,12184,704675.218541857,6376416.98644446
351,Peyreleau,12180,716369.040514912,6341926.54180704
352,Campagnac,12047,707022.893467081,6366923.28745507
353,Caveirac,30075,801961.062777602,6304720.93408103
354,Saint-Geniès-de-Varensal,34257,700243.80241889,6287652.516683
355,La Tieule,48191,712841.869167222,6364845.18456945
356,Castelnau-de-Guers,34056,738129.344085665,6259724.01438001
357,Méjannes-lès-Alès,30165,792146.34447669,6334308.49474448
358,Saint-Nazaire-de-Ladarez,34279,706473.276254029,6268718.56435107
359,Thoiras,30329,773782.236927611,6330038.53971863
360,Laval-Pradel,30142,785065.556827387,6346835.82393867
361,Marvejols,48092,722875.210555313,6384326.10556726
362,Arrigas,30017,738557.640176301,6321407.24738325
363,Saint-Privat-du-Fau,48179,728108.140336151,6424439.85344622
364,Saint-Martin-de-Lansuscle,48171,759973.572597476,6347402.47883549
365,Capestang,34052,703899.809233719,6246971.84938005
366,Le Clapier,12067,713953.424769885,6303293.31043186
367,Montaren-et-Saint-Médiers,30174,810867.569992843,6328290.01341415
368,Luc,48086,768599.992826719,6393408.04105659
369,Brenoux,48030,742383.551430134,6376616.79324078
370,Lacroix-Barrez,12118,671727.532412666,6408339.66080189
371,Murles,34177,761074.128551915,6289532.45347971
372,Montrodat,48103,726174.666329577,6384353.35428887
373,Moulin-Mage,81188,681947.887425289,6291179.48510765
374,Saint-Jean-du-Bruel,12231,730629.164266721,6325330.25055176
375,Saint-Paul-la-Coste,30291,777584.48393918,6339913.54578196
376,Trèves,30332,731380.707840757,6330244.78090844
377,Rochefort-du-Gard,30217,834864.127978545,6321703.43162192
378,Vabres,30335,770959.528914827,6325650.19406507
379,Cultures,48055,730344.503524028,6377002.73822771
380,Saint-Parthem,12240,643816.512232084,6392965.25082649
381,Courniou,34086,675207.661820068,6265616.07323874
382,Gabian,34109,721389.375938131,6268838.48614192
383,Saint-Geniès-de-Malgoirès,30255,797332.631771862,6317119.62864829
384,Villemagne-l'Argentière,34335,709798.454580274,6280014.01455531
385,Sérignan,34299,724135.826620381,6241579.58557797
386,Saint-Saturnin-de-Lenne,12247,701789.025774874,6367816.93404686
387,Fournès,30116,828788.607862058,6316205.71820695
388,Monoblet,30172,770488.376907931,6322343.63648235
389,Saint-Sernin-sur-Rance,12248,669713.722526659,6308925.7075334
390,Les Hermaux,48073,710483.578175937,6380497.07908574
391,Sainte-Eulalie-d'Olt,12219,693567.726931961,6374135.8922156
392,Comprégnac,12072,698364.740037443,6333006.05626308
393,La Sauzière-Saint-Jean,81279,591507.644363423,6318183.79230774
394,Saint-Christol-lès-Alès,30243,786187.382310594,6332245.14886035
395,Lodève,34142,724644.707054905,6292447.62114957
396,Balsièges,48016,735080.747185956,6375307.43488267
397,Saint-Martin-de-Londres,34274,756989.44795339,6299546.75321105
398,Camplong,34049,709039.944633273,6287792.26079966
399,Issirac,30134,817883.790956207,6353487.85687766
400,Allenc,48003,753737.765618512,6383892.37047866
401,Chanac,48039,727409.183376505,6372416.77429922
402,Murviel-lès-Béziers,34178,710950.336397639,6262097.58297186
403,Saint-Jean-du-Gard,30269,770285.560644236,6334601.27215757
404,La Capelle-Bonance,12055,702017.518854643,6372503.15264739
405,Rivière-sur-Tarn,12200,710196.945793586,6345806.10594789
406,Saint-Sever-du-Moustier,12249,675329.282978175,6297058.19663022
407,Les Salles-du-Gardon,30307,781331.634366948,6344445.67787366
408,Saint-Michel-de-Dèze,48173,770691.433926406,6349454.58893897
409,Vers-Pont-du-Gard,30346,821920.830935364,6319857.28250206
410,Lamelouze,30137,776887.312533415,6344708.97538111
411,Les Salelles,48185,721804.550307395,6376243.06494785
412,Mostuéjouls,12160,714577.646184069,6347362.24748958
413,La Roque-Sainte-Marguerite,12204,719364.506644982,6334492.94352017
414,Saint-André-de-Vézines,12211,721689.64622904,6338771.46779096
415,Trélans,48192,707432.410015366,6380209.00355741
416,Millau,12145,709401.313497641,6333156.58855851
417,La Canourgue,48034,720480.136761824,6368919.47993087
418,Esclanèdes,48056,729259.444195309,6375820.33328759
419,Creissels,12084,704802.937973868,6329539.61186709
420,Grèzes,48072,727323.109988381,6379708.23376185
421,Hures-la-Parade,48074,730890.830811148,6349952.1658045
422,Gorges du Tarn Causses,48146,736375.533690432,6362524.1730927
423,Veyreau,12293,724517.013688837,6342605.71731145
424,Bourgs sur Colagne,48099,718431.321530634,6381623.65846796
425,Monteils,30177,794614.384066534,6332943.8454461
426,Canaules-et-Argentières,30065,784106.400296304,6320586.35177008
427,Brignon,30053,797314.681341483,6322637.14382938
428,Saint-Jean-de-Serres,30267,786345.528529993,6321745.18254729
429,Ners,30188,792889.492453794,6325756.79689281
430,Saint-Nazaire-des-Gardies,30289,781490.204934081,6320691.36207941
431,Boisset-et-Gaujac,30042,782315.233950534,6328189.88511734
432,Privezac,12191,635889.920189914,6368206.42903215
433,Martignargues,30158,794418.334760623,6327607.12717756
434,Castelnau-Valence,30072,799785.556621578,6324164.23738022
435,Teyssode,81299,613271.304870898,6283581.96149691
436,Les Cammazes,81055,625299.478620099,6257330.58291858
437,Brouzet-lès-Quissac,30054,779094.79742274,6307625.66921919
438,Pérols,34198,776969.239282351,6274022.51986145
439,Saint-Sauveur-de-Ginestoux,48182,748754.89009484,6400508.05260437
440,Lacoste,34124,734153.903776138,6284316.47084066
441,Saint-Maurice-de-Cazevieille,30285,799582.289789911,6327001.65024154
442,Mons,30173,794275.600001236,6336473.30693942
443,Les Plans,30197,796993.66253217,6338690.45957996
444,Saint-Césaire-de-Gauzignan,30240,796358.537480718,6327117.18438479
445,Ispagnac,48075,742336.385683802,6366745.55560816
446,Barjac,48018,732514.844174788,6380450.05647361
447,Pierrefiche,48112,758007.372303471,6398737.65728315
448,Saint-Léger-de-Peyre,48168,724359.309170914,6389528.1076337
449,Les Mages,30152,793835.251899698,6348335.24335612
450,Marchastel,48091,708524.066087168,6393630.40236929
451,Nasbinals,48104,703886.67362513,6393942.6082514
452,Saint-Laurent-de-Muret,48165,713928.143271031,6388845.39455475
453,Antrenas,48005,720184.219553577,6387725.65975968
454,Le Buisson,48032,717704.699256595,6392227.90618027
455,Saint-Germain-de-Calberte,48155,764744.154463167,6347300.31761795
456,Saint-Privat-de-Vallongue,48178,765749.156587041,6354417.02013503
457,Saint-Denis,30247,799693.017200393,6349568.78117858
458,Saint-Martin-de-Boubaux,48170,773444.561632098,6344319.2197822
459,Robiac-Rochessadoule,30216,787977.31900165,6353233.60790974
460,Peyremale,30194,784453.833192823,6355836.49408155
461,Servas,30318,795404.824460371,6340420.02539719
462,Bessèges,30037,788333.224483953,6355219.5493844
463,La Vernarède,30345,780387.056489278,6354417.29216207
464,Branoux-les-Taillades,30051,777850.725162618,6348215.42807558
465,Rousson,30223,791994.904682288,6344916.89900725
466,Courry,30097,792588.394207988,6356628.1579308
467,Mayran,12142,649951.508245434,6365768.9373904
468,Saint-Jean-de-Valériscle,30268,791120.825890625,6349013.47352193
469,Saint-Julien-de-Cassagnas,30271,796207.440874613,6346688.96085623
470,Navacelles,30187,798829.317313021,6341553.86674151
471,La Grand-Combe,30132,782290.868014643,6348154.42163239
472,Ventalon en Cévennes,48152,770007.444216147,6355583.09527395
473,Saint-Hilaire-de-Lavit,48158,768263.132000245,6350880.78495787
474,Le Martinet,30159,786375.258914908,6351291.9489265
475,Salindres,30305,792863.998586158,6341309.96394314
476,Chambon,30079,781286.70757644,6356906.46944425
477,Potelières,30204,798072.170740576,6347972.46276575
478,Molières-sur-Cèze,30171,791657.652302047,6352035.34964741
479,Saint-Florent-sur-Auzonnet,30253,788391.302743955,6349366.98295935
480,Meyrannes,30167,792522.509025596,6353845.06553669
481,Aguessac,12002,705513.388924479,6340236.37773431
482,Saint-Pierre-des-Tripiers,48176,721581.582642645,6347342.97818699
483,Les Salces,48187,710822.338775638,6384660.63047768
484,Saint-Saturnin,48181,715641.481559284,6367383.06350651
485,Lapanouse-de-Cernon,12122,707715.844053427,6323000.86024674
486,Massegros Causses Gorges,48094,716803.696103458,6356375.96975521
487,La Bastide-Pradines,12022,704493.134038821,6323479.94472994
488,Saint-Bonnet-de-Chirac,48138,722078.635376483,6378355.52117587
489,Palhers,48107,724455.776357463,6380295.96202132
490,La Cresse,12086,712563.856221023,6340973.17635021
491,Paulhe,12178,708929.273612968,6338830.14501128
492,Verrières,12291,704075.752488817,6346404.33515098
493,Crespinet,81073,643457.819798091,6317544.41016302
494,Lédas-et-Penthiès,81141,650646.402042265,6331245.38180309
495,Anglars-Saint-Félix,12008,639365.834810962,6368857.19636316
496,Saint-Sernin-lès-Lavaur,81270,616946.926633122,6272144.20714346
497,Le Vintrou,81321,657418.638167445,6270397.84559971
498,Aiguefonde,81002,645244.225374328,6266192.88443428
499,Belcastel,12024,646667.745173604,6366335.35117842
500,Noailhac,81196,647829.648963648,6275404.39736667
501,Saint-Marcel-Campes,81262,620068.23710927,6332179.3331179
502,Massaguel,81160,633344.473636209,6264450.34972784
503,Dourgne,81081,630574.740205982,6264412.37359171
504,Saint-Félix-de-Sorgues,12222,698899.690082722,6309280.49683725
505,Cassagnoles,34054,667742.713237157,6255410.86448878
506,Labastide-Saint-Georges,81116,606876.126343659,6289625.35752946
507,Valady,12288,655598.333869451,6372183.79877688
508,Saint-Salvy-de-la-Balme,81269,649840.283183885,6279393.29188999
509,Aussillon,81021,647848.121428172,6266327.48037692
510,Albine,81005,661728.808346811,6260683.07457632
511,Sorèze,81288,625512.452618721,6260672.35742391
512,Verdalle,81312,633682.376983946,6266697.85511937
513,Blan,81032,620948.564747555,6269450.97628993
514,Jonquières,81109,630907.478720384,6284787.29613007
515,Guitalens-L'Albarède,81132,622819.878970939,6282556.36700357
516,Puycalvel,81216,625118.640785271,6287592.54643922
517,Cuq-Toulza,81076,610040.679909094,6274369.05204852
518,Viviers-lès-Lavaur,81324,602398.430568257,6282066.68185551
519,Arfons,81016,634328.089545708,6258691.8076604
520,Bertre,81030,614647.21962537,6279062.45768077
521,Soual,81289,629588.08340199,6272788.16371947
522,Puéchoursi,81214,611585.420770514,6268968.71029043
523,Serviès,81286,621916.767320898,6285581.22787672
524,Aguts,81001,613064.684502789,6270903.06412846
525,Montgey,81179,614645.75398235,6268389.87204469
526,Cambounet-sur-le-Sor,81054,628907.031923553,6275797.63914225
527,Poudis,81210,617595.4741897,6269994.26288135
528,Navès,81195,636862.209743653,6274269.49532882
529,Escoussens,81084,637608.471891998,6265156.95368224
530,Villeneuve-lès-Lavaur,81318,601763.632217348,6278643.39960528
531,Laboulbène,81118,635737.396530619,6285536.00401793
532,Lacroisille,81127,613440.315943591,6276312.25908601
533,Viviers-lès-Montagnes,81325,633378.629698359,6272675.94935642
534,Massac-Séran,81159,608280.116399103,6286132.16392993
535,Saint-Paul-Cap-de-Joux,81266,618421.567047405,6282326.9185515
536,Pratviel,81213,610000.683925279,6282847.11775727
537,Palleville,81200,618708.392395233,6267704.39719283
538,Lescout,81143,627689.570211094,6270906.21487121
539,Cuq,81075,626296.980781069,6284244.62223821
540,Saint-Amancet,81237,627853.415232623,6263080.92251468
541,Saint-Germier,81252,637895.462572965,6286691.79222716
542,Veilhes,81310,604516.066557708,6280537.81707161
543,Cahuzac,81049,625619.116460171,6264583.79863333
544,Vielmur-sur-Agout,81315,627343.412612441,6281366.91949259
545,Lempaut,81142,624591.227043348,6269972.72575362
546,Magrin,81151,612840.499964671,6280160.55943857
547,Lagardiolle,81129,626631.817537461,6267160.85466797
548,Saint-Affrique-les-Montagnes,81235,635433.915897838,6270331.41024434
549,Burlats,81042,645896.49052491,6282000.19781588
550,Labruguière,81120,640693.506632567,6268059.54804121
551,Maurens-Scopont,81162,604184.633664628,6278214.95334693
552,Durfort,81083,624916.702345109,6259652.40695554
553,Puylaurens,81219,620579.693025949,6276457.20453116
554,Marzens,81157,606628.697627995,6284646.13045119
555,Payrin-Augmontel,81204,647022.424127513,6271321.25346434
556,Roquevidal,81229,608019.883346465,6281073.11827327
557,Saint-Amans-Soult,81238,657666.874018154,6262995.29288794
558,Cambon-lès-Lavaur,81050,606930.646927983,6277628.08618424
559,Mouzens,81189,610211.899305423,6270975.65410049
560,Carbes,81058,631592.541141394,6282182.94909176
561,Appelle,81015,615494.184361203,6276285.50242046
562,Roquecourbe,81227,641712.131248724,6286261.24689171
563,Saint-Avit,81242,628645.300266494,6268925.07333025
564,Prades,81212,616915.294106047,6279675.48195014
565,Péchaudier,81205,614806.145780692,6272342.35189591
566,Belleserre,81027,623924.163829597,6266098.78612391
567,Saint-Germain-des-Prés,81251,625458.768838305,6274158.30271903
568,Viterbe,81323,612586.757663336,6287140.66687853
569,Morlhon-le-Haut,12159,626766.554695187,6358495.23774109
570,Lagarrigue,81130,642212.025967187,6275570.79425054
571,Saint-Jean-de-Vals,81256,640083.003342128,6287911.05363302
572,Sémalens,81281,627996.253085757,6278177.90859191
573,Damiatte,81078,618121.607674798,6287342.69543672
574,Fréjeville,81098,631103.697453199,6279229.61306678
575,Lacougotte-Cadoul,81126,604886.603244598,6283210.90663656
576,Lautrec,81139,629858.805086404,6289966.27612514
577,Garrevaques,81100,617775.392825977,6266461.31613416
578,Algans,81006,610467.950908493,6278503.34800344
579,Saïx,81273,633037.000888592,6276451.01390908
580,Vénès,81311,635147.879274656,6293465.96065267
581,Montpinier,81181,634725.309658145,6287013.96474432
582,Castres,81065,638493.061349972,6279915.61016371
583,Réalmont,81222,634792.11134888,6298174.27190775
584,Lavaur,81140,602801.129233709,6288591.59373276
585,Giroussens,81104,603070.341321146,6297520.03089189
586,Saint-Genest-de-Contest,81250,631268.149584888,6296254.65169582
587,Laboutarie,81119,628632.197511548,6299210.62458168
588,Fiac,81092,612126.972906217,6289475.40508998
589,Missècle,81169,618282.672868703,6291871.42422812
590,Cabanès,81044,615388.343739288,6291365.6934005
591,Graulhet,81105,619561.686009835,6295953.88964511
592,Peyregoux,81207,635137.750294582,6289453.69097717
593,Montfa,81177,637924.525679458,6289281.19084342
594,Saint-Gauzens,81248,609907.256750579,6294277.7987012
595,Saint-Jean-de-Rives,81255,600655.301046859,6293617.2584497
596,Puybegon,81215,611130.299189646,6298560.05604539
597,Ambres,81011,605839.23996203,6292874.29731251
598,Briatexte,81039,613272.597137843,6294872.69060583
599,Saint-Julien-du-Puy,81258,625945.314827283,6295184.9546263
600,Moulayrès,81187,621384.383679155,6289942.00901308
601,Busque,81043,615315.420435801,6299017.6809369
602,Brousse,81040,624405.798981816,6291694.74617196
603,Montdragon,81174,627129.153129587,6297796.07865492
604,Fayet,12099,698187.179614388,6300469.97934642
605,Le Rialet,81223,657222.797101208,6273562.11777503
606,Espérausses,81086,661722.006719184,6289155.37225519
607,Arifat,81017,647932.90410907,6297621.44497885
608,Mazamet,81163,650509.42273417,6262267.72391119
609,Cambounès,81053,654692.851679133,6277040.65955968
610,Saint-Amans-Valtoret,81239,659620.684157061,6267626.09406251
611,Saint-Pierre-de-Trivisy,81267,655403.455580769,6295176.17796447
612,Gijounet,81103,668299.262379092,6290049.24041182
613,Vabre,81305,653483.586393589,6289785.6969645
614,Le Bez,81031,655827.84037074,6280509.62785502
615,Bout-du-Pont-de-Larn,81036,653811.239540343,6267109.50253501
616,Caucalières,81066,644306.928945968,6271418.66815579
617,Brassac,81037,660565.8072037,6279347.34498517
618,Boissezon,81034,651977.558474242,6274990.73777304
619,Valdurenque,81307,644297.774018961,6275019.89129892
620,Fontrieu,81062,662167.670965211,6284502.07998827
621,Compolibat,12071,635213.459097649,6364787.92171966
622,Montredon-Labessonnié,81182,645342.502000005,6291948.63751086
623,Pont-de-Larn,81209,652237.999637774,6270375.50968097
624,Lacrouzette,81128,648504.732465018,6285018.81770566
625,Lasfaillades,81137,659606.255879543,6273924.59200288
626,Fauch,81088,640359.616850317,6304754.58803035
627,Prémian,34219,685661.539582289,6271126.44652298
628,Lacaze,81125,660430.360659504,6293887.11125249
629,Peux-et-Couffouleux,12179,690403.246313209,6296076.72456431
630,Plaisance,12183,664881.931288983,6314639.26416722
631,Meljac,12144,654788.536105969,6337357.69745298
632,Brusque,12039,695849.854034173,6296185.35337099
633,Viane,81314,666710.563936463,6294249.3201755
634,Senaux,81282,669050.18380483,6296379.27519802
635,Lamontélarié,81134,668372.728115209,6280257.2126054
636,La Salvetat-sur-Agout,34293,674739.101321371,6278149.91931305
637,Rosis,34235,699332.884320057,6280994.6360322
638,Le Soulié,34305,674925.886304084,6271608.69654397
639,Lacaune,81124,674878.544985457,6288758.1798742
640,Saint-Martin-de-l'Arçon,34273,698774.675106156,6275721.63436447
641,Fraisse-sur-Agout,34107,683606.938987284,6277088.53883321
642,Murasson,12163,680916.340922168,6295821.55915275
643,Mons,34160,696975.128527526,6274507.26790686
644,Escroux,81085,671166.896865329,6295495.11420542
645,Nages,81193,681514.362243985,6284048.69745524
646,Castanet-le-Haut,34055,696359.525699586,6286069.95236311
647,Berlats,81028,664705.268499947,6288947.96247002
648,Murat-sur-Vèbre,81192,688754.838596584,6288286.08973495
649,Barre,81023,685123.035393519,6293816.17282838
650,Cambon-et-Salvergues,34046,691140.822465981,6280724.8772953
651,Anglès,81014,666255.599704925,6272495.66499418
652,Saint-Julien,34271,692096.173105727,6276225.08354896
653,Rouairoux,81231,664944.347379056,6266330.84470376
654,Pardailhan,34193,686812.224332181,6260664.67602057
655,Le Truel,12284,679778.260367772,6328348.91669689
656,Flagnac,12101,641650.597173364,6388528.91156172
657,Labastide-Rouairoux,81115,670532.339191941,6264956.1396775
658,Berlou,34030,695958.271296977,6266625.79359923
659,Quarante,34226,698428.825105215,6250193.54763989
660,Cesseras,34075,676001.344518526,6248071.66628908
661,Babeau-Bouldoux,34021,691334.12063658,6259903.86907464
662,Saint-Étienne-d'Albagnan,34250,689132.526143292,6269966.90460608
663,Agel,34004,688117.846678234,6249879.36464513
664,Rieussec,34228,678301.92923928,6258107.20598709
665,Minerve,34158,677398.90572381,6251615.24115205
666,Riols,34229,683641.419950039,6266979.689456
667,La Caunette,34059,682742.490324054,6252057.00317748
668,Prades-sur-Vernazobre,34218,698123.46191027,6262117.7917019
669,Olonzac,34189,678621.231326389,6242511.7459868
670,Siran,34302,672670.539363261,6247942.52765151
671,Creissan,34089,700039.148912131,6253058.17186831
672,Vélieux,34326,679278.012084555,6254588.52510958
673,Beaufort,34026,681153.602420109,6245029.59734706
674,Oupia,34190,681773.910909074,6243297.83450152
675,Roquebrun,34232,700871.773358399,6267396.498842
676,Ferrals-les-Montagnes,34098,670996.607196539,6257861.62861131
677,Boisset,34034,674917.719292558,6255879.09130782
678,Aigne,34006,683182.84263245,6247453.06692411
679,Aigues-Vives,34007,685828.600477023,6249875.71480582
680,Villespassans,34339,692814.170680368,6253679.72057037
681,Verreries-de-Moussans,34331,674026.687822052,6261156.01367177
682,Saint-Chinian,34245,694478.118443347,6258012.62523189
683,Félines-Minervois,34097,666134.425425694,6250616.3888451
684,La Livinière,34141,670229.208448799,6248795.14894301
685,Saint-Pons-de-Thomières,34284,679652.853838557,6264426.95844839
686,Azillanet,34020,679346.273392732,6247220.33357548
687,Ferrières-Poussarou,34100,692183.689382226,6264905.62670389
688,Assignan,34015,690815.031534471,6255687.24727514
689,Prévinquières,12190,639748.253545238,6363269.73132412
690,Montouliers,34170,692412.706963693,6248453.72778783
691,Cébazan,34070,699050.777965832,6256263.70065297
692,Cruzy,34092,694692.417032535,6250314.22605155
693,Sauveterre,81278,664370.147073747,6261617.46823058
694,Saint-Jean-de-Minervois,34269,685222.82572888,6255687.73621228
695,Lanuéjouls,12121,633234.712657302,6369714.27557899
696,Saint-Rémy,12242,623672.958970322,6366740.16659932
697,Martiel,12140,613399.426085982,6365302.67094463
698,Sanvensa,12259,623386.635709109,6354402.75141987
699,Rieupeyroux,12198,638526.555081146,6356864.09011266
700,Monteils,12150,619211.36705927,6352337.94145201
701,Toulonjac,12281,620291.088924484,6365167.03833891
702,Sainte-Croix,12217,617846.758854316,6368878.81872549
703,La Capelle-Bleys,12054,634495.391668783,6356406.1990046
704,Brandonnet,12034,631301.503121232,6365244.68817413
705,Le Bas Ségala,12021,630916.710800369,6357106.90764403
706,Colombiès,12068,646388.977659825,6360723.71716439
707,Villefranche-de-Rouergue,12300,622755.72905718,6361678.5280035
708,Rignac,12199,643676.336552582,6367457.16927176
709,La Rouquette,12205,618197.969404709,6357299.89710897
710,Castanet,12059,644787.874596041,6355107.90758229
711,Boussac,12032,650299.45053692,6355402.15866687
712,Maleville,12136,628594.953908358,6367149.72516156
713,Savignac,12263,616989.561860998,6362907.61965323
714,Vailhourles,12287,612999.796987672,6357184.99171246
715,Soulages-Bonneval,12273,682149.483262365,6397565.59345867
716,Sénergues,12268,657396.344365083,6389765.94481497
717,Florentin-la-Capelle,12103,671810.666587662,6393413.15849791
718,Roussennac,12206,640609.443930727,6372313.52627835
719,Entraygues-sur-Truyère,12094,666578.145833919,6395138.30100079
720,Le Nayrac,12172,673790.19397218,6389646.89268691
721,Campouriez,12048,669040.473181174,6398031.48665114
722,Curières,12088,691434.883623349,6394494.42408153
723,Vaureilles,12290,635259.069437545,6373006.0473164
724,Golinhac,12110,667235.305836386,6388586.94531073
725,Le Fel,12093,661761.472276547,6396853.11245514
726,Laguiole,12119,689490.712337174,6399472.11063759
727,Le Cayrol,12064,682838.235445843,6387416.57657578
728,Espeyrac,12097,661905.760146314,6391231.79797675
729,Montpeyroux,12156,682771.366395915,6392914.3037115
730,Saint-Amans-des-Cots,12209,675515.184802761,6398727.7680471
731,Condom-d'Aubrac,12074,690600.145500061,6389644.64193861
732,Salvagnac-Cajarc,12256,610228.494584287,6373480.45896718
733,Bouillac,12030,634425.805035948,6386356.5217662
734,Lugan,12134,640823.309366185,6376338.64703974
735,Peyrusse-le-Roc,12181,631192.326604013,6378460.28071727
736,Saint-Jean-Delnous,12230,659315.02856283,6327056.79170957
737,Capdenac-Gare,12052,626053.011024338,6385005.74964796
738,Saint-Santin,12246,641110.104430676,6394102.25984841
739,Decazeville,12089,640671.668497622,6385587.42472322
740,Boisse-Penchot,12028,637411.507793649,6387215.44060847
741,Almont-les-Junies,12004,645286.626097963,6389305.67991531
742,Livinhac-le-Haut,12130,637819.978892968,6388962.50128167
743,Montbazens,12148,637392.995528269,6375615.40144845
744,Montsalès,12158,618564.325669386,6376821.7671081
745,Foissac,12104,621182.675521055,6379071.14002284
746,Saint-Igest,12227,627615.699864511,6372263.72524914
747,Valzergues,12289,638089.32943468,6378811.12356797
748,Galgan,12108,634794.419053359,6378609.08928457
749,Auzits,12016,646110.213232405,6378082.34630282
750,Salles-Courbatiès,12252,627265.271338225,6376203.37569478
751,Asprières,12012,631570.833336648,6384382.5477454
752,Sonnac,12272,629722.05989998,6382402.96167968
753,Escandolières,12095,648296.664477612,6374947.62738607
754,Balaguier-d'Olt,12018,618726.211432149,6380467.4208471
755,Bournazel,12031,644523.625857591,6373739.5916198
756,Causse-et-Diège,12257,623249.801506037,6381533.77947913
757,Drulhe,12091,631157.928891343,6373306.18388622
758,Villeneuve,12301,622691.275628438,6372539.77687004
759,Viviez,12305,638131.030442406,6384424.25720808
760,Aubin,12013,640910.541355639,6381719.10386673
761,Naussac,12170,628212.558586468,6379105.08792374
762,Ols-et-Rinhodes,12175,616259.106575002,6374149.67357579
763,Firmi,12100,646404.542537948,6383360.78532
764,Ambeyrac,12007,615366.652704063,6377790.48908189
765,Saujac,12261,612655.188481673,6376105.52058505
766,Les Albres,12003,634850.115679832,6382694.63688576
767,La Capelle-Balaguier,12053,614495.794335956,6371712.48025725
768,Cransac,12083,643349.808180036,6380227.86902981
769,Goutrens,12111,649553.762433622,6371285.86124385
770,Réquista,12197,663852.570578032,6325975.81202769
771,Cambon,81052,637596.831039954,6312798.47248832
772,Curvalle,81077,660462.774075969,6312599.4919039
773,Moularès,81186,642757.298645747,6331149.61041336
774,Miolles,81167,663935.44141445,6308869.23231534
775,Villefranche-d'Albigeois,81317,645595.580123537,6310568.37235879
776,Mont-Roc,81183,649796.214664499,6300977.30906161
777,Tauriac-de-Naucelle,12276,645886.793527266,6338717.99964742
778,Valderiès,81306,638399.955230856,6324703.97005028
779,Crespin,81072,644363.617823959,6327768.75084617
780,Bellegarde-Marsal,81026,642205.808633102,6313085.24642423
781,Dénat,81079,635881.29468721,6304858.59578953
782,Rullac-Saint-Cirq,12207,658184.682611699,6335693.91662299
783,Camboulazet,12045,655795.627634167,6347247.91672462
784,Trébas,81303,658925.832520092,6317454.21579807
785,Cabanès,12041,643504.827281267,6343808.23935104
786,La Bastide-Solages,12023,661817.354596784,6316899.38909345
787,Tanus,81292,644449.03882076,6334619.31146938
788,Tayrac,12278,639494.09218598,6345241.29961486
789,Sauveterre-de-Rouergue,12262,645284.936777556,6350029.400236
790,Mouzieys-Teulet,81190,641534.560084619,6309048.63297641
791,Padiès,81199,649112.274426596,6327536.70523954
792,Saint-Julien-Gaulène,81259,647193.225691841,6322165.70666646
793,Arthès,81018,637876.412595366,6318653.64862276
794,Paulinet,81203,654888.939902538,6305544.0831266
795,Andouque,81013,644084.34419668,6323478.31203316
796,Sainte-Gemme,81249,635640.590810776,6332502.69353133
797,Balaguier-sur-Rance,12019,665973.300998861,6310864.75350874
798,Centrès,12065,655268.12267643,6341119.62267713
799,Pierrefiche,12182,693744.268626706,6370528.14479864
800,Le Masnau-Massuguiès,81158,662921.207716136,6301247.32642594
801,Saint-Michel-Labadié,81264,654091.288053355,6323255.50281619
802,Rayssac,81221,653666.095713282,6300735.40551404
803,Fréjairolles,81097,638102.079527684,6309136.46215557
804,La Salvetat-Peyralès,12258,635806.85745005,6347231.7169268
805,Gramond,12113,649512.020518273,6351817.08331648
806,Cunac,81074,637829.806817598,6314558.92935438
807,Lédergues,12127,655148.294627833,6331408.3929437
808,Lacapelle-Pinet,81122,648305.005210445,6330066.04834255
809,Cadix,81047,657493.81980806,6319845.90480357
810,Ambialet,81010,649868.229737063,6314377.03035926
811,Le Fraysse,81096,653155.462538188,6312223.51503918
812,Le Dourn,81082,657597.531254407,6324216.88515676
813,Saint-Cirgue,81247,649535.217742739,6319266.43471537
814,Assac,81019,654602.951053479,6320104.37097329
815,Crespin,12085,640521.989933134,6339692.51753989
816,Castelmary,12060,639629.223938578,6341770.3350412
817,Courris,81071,651995.167334376,6317643.27219037
818,Rosières,81230,635684.228562093,6327235.55736431
819,Quins,12194,650398.820596947,6348059.12484055
820,Massals,81161,661492.016253744,6306707.15451691
821,Cassagnes-Bégonhès,12057,661191.409630287,6342326.94264995
822,Saint-Georges-de-Luzençon,12225,698956.247511778,6328631.18541486
823,Tréban,81302,647549.973298859,6332707.38350325
824,Naucelle,12169,647592.567550031,6343669.98615781
825,Saint-Just-sur-Viaur,12235,650332.445374032,6335848.79458669
826,Manhac,12137,658347.765029815,6351438.08339104
827,La Selve,12267,662870.99037131,6334210.10397795
828,Saint-André,81240,656500.420885468,6314974.4962546
829,Teillet,81295,647406.99793095,6305264.26891984
830,Sérénac,81285,646047.71301362,6318067.11104266
831,Pradinas,12189,641579.705334862,6350082.72760131
832,Faussergues,81089,654396.907704237,6327003.12000819
833,Alban,81003,656312.682210846,6309663.66303027
834,Saint-Juéry,81257,637752.654500943,6315892.51415002
835,Saint-Grégoire,81253,640667.021512951,6317642.12043087
836,Montauriol,81172,646070.044786636,6331674.88409966
837,Valence-d'Albigeois,81308,650719.366324785,6324266.23940406
838,Sainte-Juliette-sur-Viaur,12234,660142.270720619,6346771.27453385
839,Pampelonne,81201,639404.592641181,6335479.20072474
840,Fraissines,81094,660559.991145073,6319509.82792288
841,Saint-Jean-de-Marcel,81254,639865.689876092,6328914.53432537
842,Camjac,12046,651619.584479212,6342432.82828235
843,Coupiac,12080,667367.786924479,6316580.96258248
844,Saint-Juéry,12233,675614.266717942,6313954.42175719
845,Castelnau-de-Mandailles,12061,691045.291186606,6381354.71153526
846,Versols-et-Lapeyre,12292,694874.465464177,6311210.48732831
847,Salmiech,12255,667032.875343961,6343968.46267657
848,Bessuéjouls,12027,677474.870038713,6380085.64019301
849,Brasc,12035,665779.829826547,6320110.05918157
850,Calmels-et-le-Viala,12042,680621.57301916,6317471.22876777
851,Vézins-de-Lévézou,12294,694026.906999759,6352090.22633586
852,Agen-d'Aveyron,12001,675612.422108135,6361408.6782668
853,Rebourguil,12195,680423.185908914,6309571.83430261
854,Druelle Balsac,12090,657789.961308025,6363899.25282972
855,Nauviale,12171,654923.407363959,6379519.74094553
856,Arques,12010,684411.874166952,6358060.18888558
857,Pruines,12193,659310.079580866,6381816.03259949
858,Prades-Salars,12188,683474.040269284,6350065.49614598
859,Sébrazac,12265,672624.979358349,6382074.50369205
860,Flavin,12102,669815.32531099,6354444.2021135
861,Viala-du-Tarn,12296,687115.141083149,6331868.40033782
862,Martrin,12141,670649.020140557,6314530.19847046
863,Montlaur,12154,686628.199029444,6307384.88591918
864,Luc-la-Primaube,12133,663041.296641723,6356377.19793817
865,Palmas d'Aveyron,12177,688808.487867056,6369260.25344543
866,Le Vibal,12297,679364.563106396,6358080.92838389
867,Curan,12307,688301.659884082,6344318.68993977
868,Coubisou,12079,678743.192544031,6386354.59136534
869,Salles-Curan,12253,682902.182275903,6340078.82804104
870,Durenque,12092,669713.935257186,6333621.10644998
871,Alrance,12006,674034.545781955,6337426.52578609
872,Broquiès,12037,676473.553546149,6324365.97111972
873,Campuac,12049,667001.61919214,6385371.52181741
874,Muret-le-Château,12165,665943.82420664,6377493.65467139
875,Saint-Martin-de-Lenne,12239,697272.57405497,6369514.78052206
876,Saint-Christophe-Vallon,12215,652003.412147086,6375866.3235057
877,Saint-Rome-de-Tarn,12244,691226.071641916,6325940.77416242
878,Bozouls,12033,676801.619985607,6374316.21443241
879,Montjaux,12153,692312.046377307,6333489.80760253
880,Castelnau-Pégayrols,12062,694212.679691726,6337962.79014994
881,Laissac-Sévérac l'Église,12120,686583.374596215,6362611.79750106
882,Saint Geniez d'Olt et d'Aubrac,12224,700982.749092229,6379284.55510414
883,Arvieu,12011,673429.591770658,6343585.36178417
884,Salles-la-Source,12254,662212.711933739,6371800.67583197
885,Brousse-le-Château,12038,670958.775900687,6323119.82370855
886,Auriac-Lagast,12015,667682.351439803,6338431.39182404
887,Saint-Izaire,12228,676182.960499428,6319140.79892857
888,Le Monastère,12146,667035.530281247,6359313.10801006
889,Saint-Laurent-de-Lévézou,12236,695076.624985434,6345592.87432451
890,Rodez,12202,665479.110542844,6362279.10169828
891,Bertholène,12026,682709.787765831,6366239.3477524
892,Sébazac-Concourès,12264,669018.714602647,6369437.64485514
893,La Loubière,12131,672177.71112083,6365863.59133351
894,Gabriac,12106,684492.494596496,6373721.33395376
895,Moyrazès,12162,654330.515315862,6358901.80287003
896,Rodelle,12201,669973.979613347,6375917.15430438
897,Pont-de-Salars,12185,676794.00689033,6353243.77889452
898,Saint-Victor-et-Melvieu,12251,684834.692290922,6328034.85666762
899,Baraqueville,12056,656062.037338783,6353740.90156637
900,La Serre,12269,672266.584365283,6310531.27067548
901,Saint-Beauzély,12213,697327.826895741,6341126.06284244
902,Sainte-Radegonde,12241,670724.541969161,6359187.06179738
903,Les Costes-Gozon,12078,684008.558449697,6324177.23785236
904,Vabres-l'Abbaye,12286,685538.634017402,6313613.87219442
905,Montclar,12149,670370.222262293,6320173.12467511
906,Saint-Léons,12238,698625.867728013,6347094.43245923
907,Espalion,12096,681260.32952266,6380028.40923829
908,Ségur,12266,687531.592438656,6354678.67455408
909,Ayssènes,12017,681238.293360297,6332630.64374278
910,Onet-le-Château,12176,664918.092942696,6364943.3746511
911,Olemps,12174,663896.614906146,6360079.09316532
912,Clairvaux-d'Aveyron,12066,652898.429372455,6367684.90007305
913,Gissac,12109,692390.312980007,6307721.73289703
914,Saint-Affrique,12208,689309.299597404,6318526.8341504
915,Comps-la-Grand-Ville,12073,665576.245863315,6347326.78744306
916,Mouret,12161,661985.933506415,6379615.44284052
917,Villefranche-de-Panat,12299,677249.428542157,6333192.27550538
918,Vimenet,12303,694380.964569642,6366775.85729742
919,Lestrade-et-Thouels,12129,671821.260578528,6328439.55796685
920,Cahuzac-sur-Vère,81051,612988.050823016,6321440.75826927
921,Connac,12075,667446.854078902,6324756.76240541
922,Villecomtal,12298,666312.062883495,6382804.63076472
923,Montrozier,12157,677810.700744688,6366326.8090917
924,Lassouts,12124,688411.285101661,6376445.21996278
925,Canet-de-Salars,12050,679090.358387953,6348224.70304816
926,Saint-Félix-de-Lunel,12221,661412.88331255,6385135.59940352
927,Gaillac-d'Aveyron,12107,692284.245070505,6362543.56640296
928,Saint-Côme-d'Olt,12216,685900.096196758,6381405.56108218
929,Saint-Rome-de-Cernon,12243,698744.861429464,6323395.318087
930,Marcillac-Vallon,12138,657460.148285627,6375483.86901903
931,Trémouilles,12283,671100.104817161,6349023.68647689
932,Terssac,81297,625319.172776366,6314145.27429278
933,Broze,81041,611070.233058209,6317850.77865474
934,Andillac,81012,611270.838075278,6323521.17010911
935,Jouqueviel,81110,630732.567623121,6342916.71177189
936,Labastide-de-Lévis,81112,619930.056793248,6315200.20096051
937,Roquefort-sur-Soulzon,12203,698498.588403256,6319047.63285224
938,Les Cabannes,81045,614206.551464864,6331233.36130534
939,Senouillac,81283,615827.34889305,6317038.11287464
940,Milhavet,81166,622018.855107019,6326411.62953656
941,Peyrole,81208,611251.914106862,6302344.92621948
942,Saliès,81274,630344.942100463,6310059.79310635
943,Cadalen,81046,618276.969105918,6305432.48460519
944,Amarens,81009,613510.72821188,6327771.89568541
945,Virac,81322,624141.287729242,6327525.29323723
946,Sainte-Croix,81326,625539.068926558,6319490.74442743
947,Rivières,81225,617310.176718139,6313497.8978215
948,Loubers,81148,611327.465441536,6327179.37183481
949,Le Riols,81224,613136.595592348,6339663.47620143
950,Gaillac,81099,610547.698539019,6313700.51162152
951,Cestayrols,81067,618762.632256943,6320946.8228126
952,Loupiac,81149,602056.929323593,6303523.80621288
953,Milhars,81165,609798.355152454,6336567.50996195
954,Brens,81038,614004.229579491,6310477.85157402
955,Fayssac,81087,618188.289298859,6318409.53283208
956,Saint-Christophe,81245,623536.786635747,6339752.80214705
957,Montrosier,81184,607264.493682919,6337476.47793451
958,Lescure-d'Albigeois,81144,634365.40952764,6318845.66354358
959,Poulan-Pouzols,81211,628256.776483248,6306960.76774231
960,Saint-Benoît-de-Carmaux,81244,630229.263154087,6328772.93008042
961,Mouzieys-Panens,81191,614601.265876766,6334590.07969441
962,Tonnac,81300,608135.656286976,6330961.27668602
963,Labastide-Gabausse,81114,627802.533961526,6326234.17413601
964,Roussayrolles,81234,605963.025801108,6333469.98474601
965,Bor-et-Bar,12029,626895.030265266,6344943.54437921
966,Salles,81275,623368.807074614,6331197.58116949
967,Lamillarié,81133,632275.125445875,6306557.42799147
968,Sainte-Cécile-du-Cayrou,81246,604169.052423984,6323269.01410727
969,Itzac,81108,607513.980486844,6328670.52023487
970,La Fouillade,12105,623965.334497822,6348834.2048736
971,Vaour,81309,604046.307451322,6330890.33706579
972,Orban,81198,625886.560428566,6304661.24994109
973,Labessière-Candeil,81117,621153.616433344,6300650.56187098
974,Cordes-sur-Ciel,81069,616244.175555461,6330496.93216086
975,Castelnau-de-Lévis,81063,625453.874273749,6316502.88778892
976,Alos,81007,609738.123391641,6325247.24190909
977,Pousthomy,12186,667722.439677674,6306434.44133849
978,Taïx,81291,629415.790100649,6323846.35292223
979,Cagnac-les-Mines,81048,629331.588683477,6320628.54431877
980,Carmaux,81060,633216.290962384,6328938.40871866
981,Vieux,81316,609017.12715162,6322621.82839992
982,Souel,81290,616821.801142169,6326796.91602416
983,Donnazac,81080,615365.998641436,6324330.43152922
984,Lombers,81147,631097.161197765,6302226.93403022
985,Vindrac-Alayrac,81320,612006.762777337,6329572.93478399
986,Saint-Martin-Laguépie,81263,616775.279530956,6337898.21254208
987,Frausseilles,81095,614072.802193207,6326221.89816277
988,Fénols,81090,624080.65902859,6306045.03732121
989,Lagrave,81131,618897.022099976,6310962.85047423
990,Puygouzon,81218,634123.4110567,6309483.73549657
991,Combefa,81068,627431.183105339,6328286.82293879
992,Aussac,81020,622712.613262833,6307626.42438047
993,Mailhoc,81152,625665.498767236,6323212.24554801
994,Laparrouquial,81135,622257.536108047,6336291.21848291
995,Mirandol-Bourgnounac,81168,633715.777874535,6338982.51174033
996,Rouffiac,81232,625459.353342268,6309728.35795531
997,Laval-Roquecezière,12125,670631.915379126,6301610.89306182
998,Monestiés,81170,627789.74579568,6331553.14575761
999,Lunac,12135,628145.219304909,6349464.43770857
1000,Bernac,81029,622122.035579934,6317620.34351854
1001,Labarthe-Bleys,81111,611577.768404418,6332293.28833554
1002,Najac,12167,617184.446771668,6346345.66526652
1003,Montels,81176,610663.724346334,6319077.70504126
1004,Almayrac,81008,632427.65616492,6333719.94590121
1005,Bournazel,81035,617387.370122595,6334089.28726994
1006,Sylvanès,12274,696189.235541372,6302876.71867722
1007,Lacapelle-Ségalar,81123,619698.555359667,6335897.60337253
1008,Técou,81294,614393.253755105,6305473.40398439
1009,Noailles,81197,619037.143888456,6324224.61903314
1010,Montirat,81180,627444.915055251,6340370.09647312
1011,Marssac-sur-Tarn,81156,622589.107335506,6312868.56506524
1012,Villeneuve-sur-Vère,81319,622227.311162294,6323541.48891542
1013,Saint-André-de-Najac,12210,621729.173686898,6342689.10637654
1014,Lescure-Jaoul,12128,631854.226257194,6347778.64683925
1015,Castanet,81061,622655.256801992,6319879.83819645
1016,Blaye-les-Mines,81033,631292.055110696,6326365.88452068
1017,Le Garric,81101,633758.344890812,6323086.23448047
1018,Sieurac,81287,626590.705479138,6301573.50845777
1019,Le Ségur,81280,624975.175069137,6334764.35955476
1020,Saint-Michel-de-Vax,81265,604452.5370332,6335144.45265129
1021,Parisot,81202,606377.545656422,6301336.96737715
1022,Lisle-sur-Tarn,81145,602120.064187507,6311718.62401529
1023,Livers-Cazelles,81146,619944.739055447,6328329.1363589
1024,Campagnac,81056,606940.156614861,6326676.55905331
1025,Lasgraisses,81138,622367.438029774,6303156.8524245
1026,Florentin,81093,622078.291383084,6310092.12582085
1027,Trévien,81304,629606.496705368,6334701.98730229
1028,Montans,81171,608859.753237339,6306357.72148792
1029,Saint-Jean-d'Alcapiès,12229,697372.085700626,6316614.18249688
1030,Camarès,12044,690725.005644096,6302179.57125173
1031,Mounes-Prohencoux,12192,685445.750967246,6299927.51736347
1032,Belmont-sur-Rance,12025,680003.89182776,6302868.70213019
1033,Combret,12069,674687.588980552,6304644.1741898
1034,Montfranc,12152,666230.07659203,6304748.263988
1035,Montdurausse,81175,587126.443242802,6318052.90860364
1036,Coufouleux,81070,597905.5421307,6300691.96431167
1037,Rabastens,81220,596662.498376088,6306318.61878741
1038,Penne,81206,597677.928935837,6332438.13355159
1039,Puycelsi,81217,596253.41394635,6320617.28599943
1040,Tauriac,81293,586934.122195162,6309889.44311496
1041,Roquemaure,81228,588769.453535607,6303640.68623735
1042,Montvalen,81185,586943.599455636,6307392.96296681
1043,Mézens,81164,591993.672197171,6300076.63363622
1044,Montgaillard,81178,588277.110206646,6313112.40175026
1045,Larroque,81136,594719.098778134,6324200.35720854
1046,Saint-Urcisse,81272,588114.320543227,6315943.88214541
1047,Beauvais-sur-Tescou,81024,585296.912237172,6311987.76586661
1048,Salvagnac,81276,593962.053500993,6314332.06870609
1049,Arnac-sur-Dourdou,12009,695653.382497333,6291082.81605693
1050,Teulat,81298,595945.970301495,6282762.75310999
1051,Belcastel,81025,599095.412222199,6284137.65001049
1052,Saint-Agnan,81236,598493.054486315,6289287.6169435
1053,Montcabrier,81173,597938.117372123,6281104.88254045
1054,Bannières,81022,599704.307804756,6280805.62927985
1055,Saint-Sulpice-la-Pointe,81271,594215.469532385,6296463.25538627
1056,Garrigues,81102,595411.216824666,6290166.9388675
1057,Saint-Lieux-lès-Lavaur,81261,599121.974742547,6295974.12028419
1058,Lugan,81150,596626.526800226,6293577.20977615
1059,Vendres,34329,718450.879862712,6239912.28374271
1060,Pomérols,34207,741692.141431934,6255401.60767698
1061,Le Malzieu-Forain,48089,730786.278994934,6418970.91399681
1062,Saint-Clément-de-Rivière,34247,767981.64087308,6287894.83151157
1063,Villeneuve-lès-Maguelone,34337,769407.300174146,6270014.11383701
1064,Sauveterre,30312,845022.499542528,6325811.89951773
1065,Saint-Thibéry,34289,732481.617259037,6254896.88702654
1066,Sorbs,34303,732696.091598219,6310295.52145911
1067,Florensac,34101,737615.670936209,6254164.67110891
1068,Marseillan,34150,744383.240499631,6251412.04744793
1069,Sète,34301,752305.835612579,6254949.83920657
1070,Galargues,34110,781188.142186554,6298652.72337419
1071,Lieuran-lès-Béziers,34139,718749.38444106,6257026.65261743
1072,Valras-Plage,34324,723663.125250494,6238865.89924325
1073,Boujan-sur-Libron,34037,721356.601029875,6253435.51637992
1074,Sauvian,34298,720630.612374652,6243598.30052637
1075,Pinet,34203,741545.52295157,6256814.16265231
1076,Lansargues,34127,787404.585520041,6282589.0782508
1077,Lignan-sur-Orb,34140,714008.407478522,6253776.55901028
1078,Villetelle,34340,791639.226454847,6292349.24950672
1079,Béziers,34032,718727.353570996,6249841.24138396
1080,Calvisson,30062,795709.559661881,6299482.96562174
1081,Portiragnes,34209,728252.513751035,6244775.65878322
1082,Colombiers,34081,711691.369579289,6246266.67800655
1083,Lunel,34145,791612.565692602,6287671.19982768
1084,Cers,34073,725744.333988247,6247925.58442122
1085,Maraussan,34148,712477.607014284,6252376.92629035
1086,Lespignan,34135,713808.035844322,6241585.68901758
1087,Nézignan-l'Évêque,34182,732730.348586923,6258131.00668188
1088,Cazouls-lès-Béziers,34069,708057.795233781,6255395.32509401
1089,Bassan,34025,720697.451553311,6256651.33624836
1090,Aumelas,34016,749887.385361691,6275591.91452634
1091,Valros,34325,729272.733572627,6257871.59682265
1092,Bédarieux,34028,713424.670074959,6279312.0529753
1093,Agde,34003,739305.153711031,6245702.45726346
1094,Corneilhan,34084,715965.522550343,6255886.93752997
1095,Saint-Just,34272,789763.063596713,6284729.59924145
1096,Saint-Drézéry,34249,778806.385378179,6292691.7304608
1097,Nages-et-Solorgues,30186,799273.6683453,6299488.4246322
1098,Codognan,30083,798934.869993516,6292351.81259678
1099,Montels,34167,702061.184483091,6243410.46288833
1100,Baillargues,34022,781523.203658292,6284907.18149814
1101,Saint-Sériès,34288,789024.377306868,6293637.21071721
1102,Puisserguier,34225,703781.619356462,6253090.26475843
1103,Saturargues,34294,790071.8649661,6291235.61519178
1104,Poilhes,34206,707255.818564787,6245036.96094457
1105,Candillargues,34050,785899.014185234,6280467.42388348
1106,Boisseron,34033,786669.164700247,6295415.68854126
1107,Saint-Nazaire-de-Pézan,34280,790197.200563868,6282449.75609311
1108,Aigues-Vives,30004,795976.115606919,6293539.48409206
1109,Beaulieu,34027,782332.178781624,6292899.87608043
1110,Gallargues-le-Montueux,30123,794473.600319606,6291562.73015381
1111,Nissan-lez-Enserune,34183,709127.341417538,6242445.47539627
1112,Saint-Jean-de-Cornies,34265,780839.909862257,6294507.83869164
1113,Sommières,30321,787162.658604452,6297985.98876262
1114,Congénies,30091,793270.917740912,6298083.73837966
1115,Cabrerolles,34044,709885.658292397,6270618.39941518
1116,Saussines,34296,784634.125454485,6296156.19637945
1117,Mus,30185,796880.366521133,6293803.61112925
1118,Vieussan,34334,700030.712222361,6271217.89641081
1119,Junas,30136,789990.999548857,6296492.5283781
1120,Saint-Geniès-des-Mourgues,34256,783666.823692631,6289253.96339823
1121,Le Grau-du-Roi,30133,794358.930996418,6268274.39876311
1122,Valergues,34321,785479.127842411,6286475.43061231
1123,Les Aires,34008,705739.576092054,6274499.67264779
1124,Saint-Brès,34244,783763.938296976,6285895.79056542
1125,Combes,34083,703879.02645986,6278154.22971704
1126,Buzignargues,34043,780134.620695026,6297457.11425577
1127,Mudaison,34176,783599.591370017,6282909.0963268
1128,Sussargues,34307,780094.813694178,6290581.15974755
1129,Campagne,34048,783256.678774708,6299147.85495046
1130,Vergèze,30344,799375.350204954,6293887.92643751
1131,Saint-Aunès,34240,778041.541183188,6282272.44890257
1132,Saint-Hilaire-de-Beauvoir,34263,782197.676790508,6295466.29586133
1133,Lunel-Viel,34146,787437.497494266,6287672.07752373
1134,Restinclières,34227,783901.035187698,6292137.71959729
1135,Saint-Pierre-de-la-Fage,34283,734011.007282547,6299544.95042762
1136,Mauguio,34154,781152.724280009,6277638.47151952
1137,Marsillargues,34151,792691.712994981,6281530.63861804
1138,La Grande-Motte,34344,786976.323476263,6275030.63432135
1139,Cazedarnes,34065,702362.178972964,6258279.62898597
1140,Maureilhan,34155,708300.103128274,6250246.48227213
1141,Montady,34161,709250.616622376,6247685.20011146
1142,Cournonsec,34087,756817.018967106,6271498.84432759
1143,Cessenon-sur-Orb,34074,703293.876687064,6261703.58465753
1144,Lauroux,34132,722398.455213859,6299194.3713416
1145,Le Poujol-sur-Orb,34211,704459.041171249,6275962.6189402
1146,La Tour-sur-Orb,34312,712182.620399363,6284104.95976492
1147,Colombières-sur-Orb,34080,700914.138894292,6276261.6281454
1148,Montesquieu,34168,721928.759776116,6273733.58540257
1149,Lamalou-les-Bains,34126,706812.597789691,6277517.48433828
1150,Mélagues,12143,701346.475146352,6292091.69726712
1151,Saint-Étienne-Estréchoux,34252,708412.234487203,6284603.6956963
1152,Hérépian,34119,709533.461509585,6276968.96952226
1153,Le Pradal,34216,707725.1120953,6281579.13557288
1154,Saint-Guilhem-le-Désert,34261,743912.303722835,6295476.88881071
1155,Avène,34019,708445.598586529,6294421.42151511
1156,Taussac-la-Billière,34308,706172.343355745,6281586.73266222
1157,Mèze,34157,746856.122099884,6259066.58188673
1158,Neffiès,34181,726933.421963009,6271261.37073025
1159,Les Plans,34205,721433.728224523,6295273.84601513
1160,Lézignan-la-Cèbe,34136,735455.83110288,6266008.89293399
1161,Montarnaud,34163,756465.718706818,6283353.95187982
1162,Lavalette,34133,721871.26132725,6288214.79341007
1163,Liausson,34137,729105.232224255,6282403.85080658
1164,Olmet-et-Villecun,34188,724057.589304392,6289986.18484627
1165,Espondeilhan,34094,720933.613985133,6259884.40388749
1166,Laurens,34130,716158.148989996,6269269.07109048
1167,Gignac,34114,746327.643399504,6282440.31712605
1168,Coulobres,34085,722268.437695833,6261359.70825971
1169,Clermont-l'Hérault,34079,733331.397959431,6281768.36585834
1170,Puéchabon,34221,748847.09106353,6291974.23666605
1171,Canet,34051,739033.203190016,6277816.28000697
1172,Péret,34197,732192.951501196,6275166.78388492
1173,Le Bousquet-d'Orb,34038,712217.760861996,6289352.19440522
1174,Pouzolles,34214,722153.460896761,6264507.1341182
1175,Fouzilhon,34105,719194.658377363,6267392.86684156
1176,Argelliers,34012,754362.874352914,6291970.93681162
1177,Ceyras,34076,737215.893344512,6283511.01877915
1178,Villeveyrac,34341,748034.832384726,6267011.6112278
1179,Balaruc-le-Vieux,34024,756438.498154449,6263215.81153259
1180,Carlencas-et-Levas,34053,717764.849522524,6281183.32545169
1181,Pouzols,34215,741112.891794282,6280302.84938697
1182,Brignac,34041,738008.290000143,6280447.58366677
1183,Balaruc-les-Bains,34023,755935.271913697,6261115.49350035
1184,Poujols,34212,725638.115567927,6297129.95770028
1185,Caux,34063,729745.326037033,6267366.30384789
1186,Soubès,34304,728326.598382881,6297912.25790468
1187,Usclas-du-Bosc,34316,732182.889109579,6292235.49462641
1188,Saint-Bauzille-de-la-Sylve,34241,745118.40792767,6279209.33768274
1189,Poussan,34213,753453.201769938,6266338.5069392
1190,Loupian,34143,750692.615387569,6261469.46332957
1191,Aspiran,34013,736230.912816383,6274338.98616294
1192,Celles,34072,729138.242714981,6285351.66464165
1193,Popian,34208,743066.908287619,6280702.33766512
1194,Aumes,34017,737984.216702253,6262891.3441542
1195,Saint-Félix-de-Lodez,34254,737841.186639875,6284808.7467663
1196,Lunas,34144,716628.558054079,6290003.00002141
1197,Roquessels,34234,718314.40182652,6272355.41601038
1198,Puissalicon,34224,719245.750895873,6261684.63604422
1199,Fos,34104,719538.948301426,6274377.42784873
1200,Pézenas,34199,733679.052527737,6262776.36095713
1201,Paulhan,34194,737069.360884234,6271097.48544971
1202,Tourbes,34311,730231.597424317,6260484.84980761
1203,Caussiniojouls,34062,712608.741244211,6272220.90507358
1204,Abeilhan,34001,724275.971456662,6262105.59941809
1205,Margon,34149,724607.017191052,6265310.70199307
1206,Bouzigues,34039,753255.946476765,6260923.53918437
1207,La Boissière,34035,751973.040946983,6284111.13922384
1208,Villeneuvette,34338,732416.214283853,6279143.63361757
1209,Alignan-du-Vent,34009,727493.625637325,6263367.68754769
1210,Adissan,34002,734448.801351879,6270751.98292361
1211,Montaud,34164,777289.288876681,6294766.05951566
1212,Palavas-les-Flots,34192,774869.347628024,6270935.87022309
1213,Combaillaux,34082,762831.327912783,6286215.95706778
1214,Montferrier-sur-Lez,34169,769634.104646088,6285963.61288244
1215,Gigean,34113,758524.931047785,6266392.48756823
1216,Murviel-lès-Montpellier,34179,759717.586773339,6279175.86675812
1217,Le Triadou,34314,769160.740761417,6293510.47225133
1218,Clapiers,34077,771529.54850333,6285169.52152086
1219,Saussan,34295,762997.579137606,6274708.2373542
1220,Lavérune,34134,764801.761375616,6276538.98614514
1221,Saint-Bauzille-de-Montmel,34242,776520.474167344,6297906.43385208
1222,Saint-Vincent-de-Barbeyrargues,34290,770647.09159621,6290613.05502431
1223,Les Matelles,34153,765009.740164128,6292426.60275857
1224,Viols-en-Laval,34342,759644.84637481,6294254.09290077
1225,Assas,34014,772411.494876798,6290568.73082006
1226,Guzargues,34118,774500.19282289,6292605.58835201
1227,Frontignan,34108,760701.592794967,6261291.50665114
1228,Saint-Gély-du-Fesc,34255,765310.53990878,6288100.16966918
1229,Saint-Georges-d'Orques,34259,762496.376181906,6280056.77489785
1230,Lattes,34129,772909.937230984,6274246.31180971
1231,Castelnau-le-Lez,34057,773645.156706384,6282500.86711703
1232,Juvignac,34123,764242.837318886,6280886.2848668
1233,Sainte-Croix-de-Quintillargues,34248,773351.248929978,6296972.73125837
1234,Le Crès,34090,775555.659054284,6284209.88245504
1235,Vic-la-Gardiole,34333,765060.966883414,6265577.27734077
1236,Saint-Jean-de-Cuculles,34266,767151.3915868,6295138.12030822
1237,Vailhauquès,34320,758767.753061608,6285246.72497999
1238,Prades-le-Lez,34217,769725.121531736,6290205.75520469
1239,Mireval,34159,764948.702534269,6268983.30315385
1240,Teyran,34309,774898.476012622,6287740.94502425
1241,Nébian,34180,735340.094244226,6277922.04368636
1242,Anduze,30010,778076.804114705,6328454.91008798
1243,Serverette,48188,731005.171924949,6400184.3789022
1244,Montignargues,30180,796821.138423489,6315510.49773248
1245,Lédignan,30146,788909.668426398,6321380.91765643
1246,Saint-Hippolyte-de-Caton,30261,796278.407319121,6331043.85102595
1247,Crespian,30098,789216.883279144,6310052.92511606
1248,La Couvertoirade,12082,723147.837958283,6314518.43196168
1249,Saint-Beaulize,12212,708001.031000277,6311877.57152335
1250,Les Rives,34230,721213.885158481,6306368.06581865
1251,Blandas,30040,740702.988824933,6313696.45611265
1252,Marnhagues-et-Latour,12139,703361.511486776,6308972.1445003
1253,Saint-Martial,30283,759650.407191911,6326893.53613314
1254,Vialas,48194,771002.934444195,6360804.54945288
1255,La Bastide-Puylaurent,48021,770503.442614384,6385570.16003012
1256,Badaroux,48013,743919.808184744,6382510.07667921
1257,Sénéchas,30316,779932.922739075,6360045.08612003
1258,Saint-André-de-Valborgne,30231,754837.878498939,6338974.58660891
1259,Revens,30213,724117.432714499,6332484.21988374
1260,Saint-Sébastien-d'Aigrefeuille,30298,779255.239019505,6335620.16027383
1261,Lanuéjols,30139,730039.435034292,6336581.7055826
1262,Valflaunès,34322,769400.8939155,6300696.71294433
1263,Saint-Roman-de-Codières,30296,762020.446334254,6323964.99644593
1264,Domessargues,30104,793514.967139556,6320109.67732932
1265,Saint-Jean-de-Crieulon,30265,780121.238112823,6319120.76226303
1266,Saint-Mamert-du-Gard,30281,794302.251482398,6310056.52341832
1267,Conqueyrac,30093,772739.335173,6315906.04520012
1268,Boucoiran-et-Nozières,30046,794529.849613635,6322406.00164995
1269,Logrian-Florian,30150,782261.878629316,6316924.89867764
1270,Bragassargues,30050,783995.553673646,6313882.26716813
1271,Vézénobres,30348,790910.902387293,6328677.86756716
1272,Euzet,30109,798996.007738456,6331286.80267808
1273,Moussac,30184,799083.759734458,6320615.57929779
1274,Maruéjols-lès-Gardon,30160,790984.671089355,6323605.42473688
1275,Claret,34078,770503.539804555,6306862.89037158
1276,Montagnac,30354,792568.016073157,6316047.23641614
1277,Massillargues-Attuech,30162,781912.075573368,6324661.92134691
1278,Cardet,30068,787303.071292947,6324598.61089415
1279,Saint-Bauzély,30233,795759.931357163,6314361.06778117
1280,Cendras,30077,782807.466775524,6339597.36292716
1281,Aigremont,30002,789740.852285396,6318697.00027043
1282,Bagard,30027,783638.381396663,6330701.11982712
1283,Saint-Jean-du-Pin,30270,782694.187039611,6335807.66230532
1284,Ribaute-les-Tavernes,30214,786972.691702193,6327591.08395045
1285,Générargues,30129,779454.300495721,6331739.34093368
1286,Saint-Jean-de-Ceyrargues,30264,798231.74719579,6329166.23177044
1287,Mauressargues,30163,793307.068179327,6318048.77544979
1288,Alès,30007,787115.484114521,6336836.35680747
1289,Lézan,30147,784307.018036603,6324267.83066416
1290,Savignargues,30314,786697.240535474,6319182.84830923
1291,Saint-Hilaire-de-Brethmas,30259,789937.490193797,6333206.23083549
1292,Saint-Théodorit,30300,787011.657719392,6316660.99739084
1293,Fraissinet-de-Fourques,48065,742456.113489104,6345728.49276847
1294,Montmirat,30181,789780.853517877,6312207.38249899
1295,Sauzet,30313,797635.795809334,6318893.87093331
1296,Molezon,48098,755457.29569531,6346956.18592786
1297,La Rouvière,30224,799650.874674287,6314276.22170352
1298,Saint-Étienne-de-l'Olm,30250,794786.127699133,6330054.56790875
1299,Saint-Bénézet,30234,791127.577657248,6321975.60891921
1300,Deaux,30101,792714.713526951,6330756.82602598
1301,Moulézan,30183,790719.076415799,6314701.12771078
1302,Fons,30112,794846.089158298,6312714.42672798
1303,Gajan,30122,798486.244610131,6311801.56503881
1304,Clarensac,30082,798549.087760902,6305032.25247799
1305,Souvignargues,30324,791345.372125056,6302939.83271576
1306,Aujargues,30023,790787.807942154,6299826.87448758
1307,Carnas,30069,779740.052587986,6303665.5545945
1308,Garrigues,34112,781333.923565722,6300464.69553529
1309,Parignargues,30193,797530.972816206,6308603.57873428
1310,Lecques,30144,784982.618404649,6305468.63189566
1311,Saint-Côme-et-Maruéjols,30245,795573.515137784,6304311.92153412
1312,Aspères,30018,783615.690870916,6301443.78814133
1313,Saint-Dionisy,30249,798479.56642924,6301422.32578644
1314,Montpezat,30182,793215.786257617,6306799.1044086
1315,Villevieille,30352,788547.484996247,6300323.10734522
1316,Salinelles,30306,785816.048643451,6302001.87892478
1317,Saint-Clément,30244,782523.629473088,6303719.35798507
1318,Vic-le-Fesq,30349,786591.648958146,6308263.71199969
1319,Sardan,30309,783193.807503729,6308084.39419822
1320,Lanuéjols,48081,746729.056328957,6376975.09689435
1321,Pont de Montvert - Sud Mont Lozère,48116,760964.996122756,6363850.20342236
1322,Châteauneuf-de-Randon,48043,754368.193349771,6394581.40496627
1323,Prévenchères,48119,773150.658251209,6380430.20634929
1324,Cans et Cévennes,48166,751256.41894219,6354463.42262974
1325,Vebron,48193,743352.491232844,6350903.05583155
1326,Mende,48095,738238.727078333,6381246.76694694
1327,Florac Trois Rivières,48061,748293.271658856,6357778.17976154
1328,Gatuzières,48069,739810.632318985,6344071.77052142
1329,Laubert,48082,751178.005486227,6388901.325894
1330,Arzenc-de-Randon,48008,748733.720067727,6395095.74177137
1331,Cubières,48053,762583.643790901,6375498.73636972
1332,Chastel-Nouvel,48042,739095.020140584,6385877.64805289
1333,Saint-Bauzile,48137,739066.594104357,6374596.87585629
1334,Gagnières,30120,789556.396291573,6358003.29034548
1335,Sainte-Hélène,48157,747902.244069603,6380233.55684766
1336,Saint-Frézal-d'Albuges,48151,760887.471276025,6387144.10439917
1337,Barre-des-Cévennes,48019,753592.259086419,6350795.29762385
1338,Cassagnas,48036,758761.660492461,6353356.43087068
1339,Pied-de-Borne,48015,776993.18170347,6376210.56034845
1340,Malons-et-Elze,30153,781099.422247701,6369835.36809255
1341,Mont Lozère et Goulet,48027,759575.284802444,6379680.21623816
1342,Bonnevaux,30044,782515.917828795,6364208.5546762
1343,Chaudeyrac,48045,759582.673927716,6393925.29019291
1344,Les Bondons,48028,750522.288635383,6366766.00616509
1345,Cubiérettes,48054,762669.22592847,6372015.63617765
1346,Montbel,48100,756529.676875463,6388858.71255656
1347,Saint-André-Capcèze,48135,774996.782216297,6369202.54054484
1348,Meyrueis,48096,736146.481911262,6341512.01069187
1349,Saint-Jean-et-Saint-Paul,12232,702418.226753432,6314400.82332263
1350,Villefort,48198,773997.530487284,6372159.93373456
1351,Viala-du-Pas-de-Jaux,12295,705447.057881877,6317778.30612211
1352,Tournemire,12282,702163.416534916,6318799.24592125
1353,Roquedur,30220,753183.927627371,6320107.63588755
1354,Ganges,34111,756607.637065001,6316534.95969083
1355,Saint-Bresson,30238,751673.348589767,6317530.87031611
1356,Molières-Cavaillac,30170,745872.994160256,6319252.45428669
1357,Montdardier,30176,746482.426197146,6315136.68975224
1358,Saint-Julien-de-la-Nef,30272,754961.729335351,6318406.18651091
1359,Saint-Laurent-le-Minier,30280,752428.686298124,6314146.38058493
1360,Le Vigan,30350,750143.159238626,6321305.17308077
1361,Saint-André-de-Buèges,34238,752226.305540738,6306320.93875875
1362,Pommiers,30199,749494.198347458,6316747.68204839
1363,L'Hospitalet-du-Larzac,12115,716704.667931549,6319453.84308594
1364,Cazilhac,34067,755500.040031889,6313425.66278968
1365,Aulas,30024,747045.65957194,6322381.07021881
1366,Arre,30016,741652.466266496,6317749.84155242
1367,Cornus,12077,716125.090262357,6310400.26938368
1368,Avèze,30026,748106.411792313,6319815.20798857
1369,Le Caylar,34064,725049.120180867,6308138.00625481
1370,Nant,12168,722936.453083313,6324602.12204921
1371,Colognac,30087,765376.685744517,6326373.55611798
1372,Dourbies,30105,738447.476944202,6329527.41170864
1373,Mandagout,30154,750325.371105297,6325414.28347103
1374,Peyrolles,30195,766312.869363209,6334454.91249852
1375,L'Estréchure,30108,763052.946911552,6333445.19314571
1376,Causse-Bégon,30074,728468.595024181,6329735.28861585
1377,Saint-Bonnet-de-Salendrinque,30236,769862.50125816,6326697.13254155
1378,Aumessas,30025,741167.068783458,6323753.4381261
1379,Saint-Félix-de-Pallières,30252,774243.720829114,6325350.51789321
1380,Saint-André-de-Majencoules,30229,754230.164661383,6325630.81688341
1381,Sainte-Croix-de-Caderle,30246,769743.667866724,6330255.32827315
1382,Saumane,30310,761529.550506002,6335901.27478228
1383,Pégairolles-de-Buèges,34195,746347.124604237,6300870.33799854
1384,Romiguières,34231,719184.349077227,6302109.27875089
1385,Lauret,34131,770903.290668288,6303966.86160209
1386,Agonès,34005,758403.522707669,6311586.90942628
1387,Notre-Dame-de-Londres,34185,760887.65568315,6303965.76017205
1388,Saint-Bauzille-de-Putois,34243,761023.477545964,6311562.41968046
1389,Sauteyrargues,34297,773885.94279955,6303906.2740282
1390,Ferrières-les-Verreries,34099,764299.379521507,6307938.7450913
1391,Cros,30099,766049.161608034,6322776.61525282
1392,Fontanès,34102,773970.765430008,6299915.20509692
1393,Montoulieu,34171,764423.098068949,6313627.86181983
1394,Moulès-et-Baucels,34174,760662.868117423,6317007.7763177
1395,Laroque,34128,758930.62565089,6314356.8922924
1396,Pompignan,30200,769083.179316803,6311154.29622451
1397,Saint-Geniès-de-Fontedit,34258,714150.851899669,6263321.33192305
1398,Fontanès,30114,787989.323621743,6304245.46926542
1399,Saint-Just-et-Vacquières,30275,798943.706192813,6334263.16378111
1400,Boissières,30043,799026.905162031,6297633.7354413
1401,Le Collet-de-Dèze,48051,773883.155644165,6351197.06529792
1402,Saint-Beauzile,81243,605203.023713026,6326074.96177072
1403,Le Puech,34220,726228.978460933,6287142.83611664
1404,Peyre en Aubrac,48009,721286.889247264,6399910.6182561
1405,Argences en Aubrac,12223,685369.941501227,6408508.11201701
1406,Saint-Jean-de-Maruéjols-et-Avéjan,30266,803760.271909913,6352887.61785841
1407,Sainte-Eulalie-de-Cernon,12220,711114.388131409,6317955.36437945
1408,Lacabarède,81121,667090.796799768,6261269.76243322
1409,Saint-Privat-des-Vieux,30294,790448.530557774,6338758.5275806
1410,Saint-Jean-de-la-Blaquière,34268,734694.941636988,6290191.75439512
1411,Banassac-Canilhac,48017,713560.764396448,6370181.22998745
1412,Bordezac,30045,786651.948292381,6358119.15024421
1413,Cannes-et-Clairan,30066,787166.668140467,6313098.34310582
1414,Saint-Sauveur-Camprieu,30297,738003.988620212,6334051.49140924
1415,Saint-André-de-Lancize,48136,763401.925045284,6353123.0364336
1416,Rogues,30219,745098.28427423,6309032.27683663
1417,Calmont,12043,662014.683380234,6351220.83721621
1418,Gorniès,34115,750144.007737405,6309665.03126308
1419,Saint-Symphorien-de-Thénières,12250,676957.177564902,6404612.0718051
1420,Remoulins,30212,825625.342665675,6317010.60329118
1421,Cruviers-Lascours,30100,795671.327866539,6324382.96710656
1422,Gailhan,30121,782707.285700678,6305947.24366973
1423,La Malène,48088,725023.652113884,6355941.78614363
1424,Pégairolles-de-l'Escalette,34196,726906.54719263,6301607.04616058
1425,Rochegude,30218,802401.53073573,6349745.42661688
1426,Rodilhan,30356,815348.453724658,6304009.26701685
1427,Ponteils-et-Brésis,30201,776996.014796376,6367029.97706213
1428,Saint-Gal,48153,733031.83744628,6396583.32109279
1429,Altier,48004,768163.029303309,6373743.41812191
1430,La Cavalerie,12063,714727.147128279,6323641.96824731
1431,Cazevieille,34066,763998.931265123,6296464.21488801
1432,Viols-le-Fort,34343,755730.541841836,6293306.03858599
1433,Saint-Flour-de-Mercoire,48150,765744.475064869,6398394.8409324
1434,Aimargues,30006,797112.571861743,6286608.41700235
1435,Corbès,30094,776405.054800938,6331092.85211809
1436,Soudorgues,30322,764632.117465158,6330031.80388021
1437,Moissac-Vallée-Française,48097,763308.870658619,6340186.01141734
1438,Recoules-de-Fumas,48124,726418.312312869,6392625.34454995
1439,Vacquières,34318,776479.098482235,6303816.05572767
1440,Sernhac,30317,825375.35003775,6313751.29827318
1441,La Bastide-d'Engras,30031,818266.324245012,6333816.99646338
1442,Causse-de-la-Selle,34060,750680.804478615,6299557.63242483
1443,Saint-Étienne-du-Valdonnez,48147,745674.86033407,6371613.30492891
